{
  "name": "routing-risk-mlp",
  "version": "1.1.0",
  "experimental": true,
  "warning": "Modelo experimental con datos limitados",
  "featureOrder": [
    "priority_norm",
    "sla_factor",
    "history_factor"
  ],
  "inputSize": 3,
  "hiddenSize": 4,
  "hiddenWeights": [
    [
      0.02753634760266674,
      0.07952008059222337,
      0.06967578337091909
    ],
    [
      -0.08318020307540853,
      0.8064803679658246,
      0.2559481091169123
    ],
    [
      -0.12447321190393065,
      2.086979650799983,
      0.6006950028063992
    ],
    [
      -0.24981570847339715,
      3.261842832538078,
      1.1319598969478064
    ]
  ],
  "hiddenBias": [
    -0.04246365239733316,
    -0.02318020307540896,
    -0.1444732119039311,
    -0.18981570847339715
  ],
  "outputWeights": [
    0.08638274615276052,
    0.8387233677153314,
    2.159591403847307,
    3.43503033699718
  ],
  "outputBias": -6.814799698170748
}
